{"minzoom":0,"maxzoom":9,"center":[-56.601563,-2.460135,9.0],"bounds":[-73.999046,-35.0,-25.0,5.277486]}