{"minzoom":0,"maxzoom":8,"center":[-58.359375,-3.513157,8.0],"bounds":[-73.999046,-35.0,-25.0,5.277486]}